patient_id,ho_ten,cccd,ngay_sinh,so_dien_thoai,email,dia_chi,benh,ket_qua_xet_nghiem,bac_si_phu_trach,ngay_kham
bdd640fb-0667-4ad1-9c80-317fa3b1799d,Quang Phạm,369020027090,18/07/1945,0798268984,maijohn@example.net,"338 John Số
Thị xã JaneThành phố, 895667",Tim mạch,7.42,Quý cô Thành Vũ,21/01/2026
1a2a73ed-562b-4f79-8374-59eef50bea63,Kim Trần,815375101063,25/07/1961,0389586427,jane07@example.net,"849 Hoàng Làng
Thành phố JohnHuyện, 183667",Tim mạch,5.29,Cô Hồng Vũ,01/03/2026
5ec42e08-29a3-42e9-9d65-a441d58842de,Trung Đức Trần,151216109703,29/10/1979,0363855756,johnle@example.com,"5 John Đường
JaneHuyện, 169403",Khỏe mạnh,6.44,Bà Mai Dương,21/02/2026
24933b83-7577-40a9-a491-f0b2ea1fca65,Hoàng Phạm,896469431039,29/09/1989,0514991698,jane96@example.com,"7 John Ngõ
Quận JaneXã, 166613",Tiểu đường,3.77,Kim Mai Mai,02/02/2026
02f06b90-f143-462f-9c5c-0eed8da0365b,Hải Mai,579594152123,05/03/1990,0316858428,john46@example.org,"2 Jane Làng
Huyện JohnXã, 916449",Tim mạch,9.94,Duyên Đặng,06/03/2026
e0f3eab0-5cec-4eb5-add9-68311ca35cfb,Quang Nguyễn,454660642213,10/12/1952,0731261471,tranjane@example.org,"Quận JaneXã
89 Phạm Làng, 847581",Tim mạch,7.12,Thành Đặng,27/02/2026
3f76be1d-1efa-4197-b394-988f847fd9b4,Cô Linh Nguyễn,138557935638,22/04/1978,0571536119,johnnguyen@example.org,"105 John Khu
JohnXã, 238739",Tim mạch,6.44,Anh Châu Bùi,25/01/2026
5ab33edf-6e59-4ed3-a8b3-17fa18d0752b,Kim Mai Nguyễn,668256969024,07/07/1984,0360992431,nguyenjane@example.net,"338 Lê Số
Huyện JaneQuận, 179046",Tim mạch,3.84,Ông Hưng Mai,20/04/2026
c0e9ab30-ed26-42e9-97e0-11b7f8102383,Chị Hồng Dương,818356173171,01/07/1970,0972446506,knguyen@example.com,"74 Mai Dãy
Quận JaneQuận, 161324",Huyết áp cao,5.36,Yến Đặng,08/01/2026
eb5cf467-80ba-4d64-ba0e-cfea958ca9ba,Cô Phương Trần,540308989542,05/07/1997,0313754259,hoangjohn@example.net,"939 John Số
JaneQuận, 802258",Huyết áp cao,8.37,Quang Đức Bùi,18/01/2026
50f0fd0a-750c-4b75-8ccc-9bc2a53f8a28,An Dương,938160250945,14/09/1980,0801539703,tranjohn@example.net,"354 Jane Khu
Huyện JohnQuận, 377312",Tim mạch,3.5,Hà Mai,21/01/2026
b7b56ea7-35eb-432d-9ad6-20ab48212ddb,Trung Đức Mai,823674813036,09/01/1971,0882519374,tranjane@example.com,"427 Mai Đường
Thành phố JohnXã, 137778",Huyết áp cao,8.72,Nhiên Trí Bùi,17/01/2026
eededb07-e623-4689-9d59-cd2a4eea04e7,Xuân Đặng,979939744014,11/09/1950,0775153074,johndang@example.net,"2 John Hẻm
JohnQuận, 872343",Tim mạch,8.61,Huy Hải Vũ,21/01/2026
df465290-61ee-411a-9bac-27a7b386f7a4,Ánh Dương,673150181297,06/08/1951,0724845470,tdang@example.org,"54 Jane Tổ
JaneThành phố, 220944",Khỏe mạnh,11.81,Phúc Hoàng,07/05/2026
98b8e4cc-1bc0-44fc-89cb-394243f59a85,Thành Tấn Bùi,494939838408,12/08/1979,0365793250,buijohn@example.com,"883 Bùi Ngõ
JanePhường, 989208",Tiểu đường,6.71,Nhật Vũ,08/03/2026
6703b636-5380-4904-a88c-7015aab97e49,Tùng Lê,264625354550,13/05/1949,0709395751,nle@example.net,"43 Hoàng Tổ
JaneThị xã, 808446",Tim mạch,8.85,Quý cô Vi Lê,28/03/2026
a2086977-a9f2-4336-83f4-a9a948a639d0,Vũ Hải Vũ,596093219562,04/10/1951,0904782151,johnnguyen@example.org,"1 Bùi Làng
JaneThị xã, 355836",Tim mạch,6.62,Cô Hà Bùi,29/01/2026
8498e113-b227-462c-b53d-4330cdda24ba,Ông Tùng Phạm,626847927756,03/05/2002,0374389310,duongjohn@example.com,"98 Mai Dãy
Thị xã JaneHuyện, 888295",Tim mạch,3.6,Bà Vi Mai,05/03/2026
13d5f2f7-709b-4d97-864c-04af3d3f3799,Quang Vũ,052913425009,17/11/1959,0329307288,lejohn@example.org,"3 Jane Số
JaneThị xã, 165290",Huyết áp cao,8.18,Quý cô Hồng Hoàng,04/05/2026
c3fe0183-e172-4725-9b52-ca5805000bc6,Nhật Văn Đặng,353961058333,27/02/1957,0536030662,ibui@example.net,"34 Dương Đường
JanePhường, 812131",Tim mạch,9.0,Nhật Xuân Dương,01/05/2026
06e745f9-88bc-439c-9f4c-3b79fb10987f,Khoa Văn Trần,181778139397,13/04/1982,0943997497,janele@example.org,"755 Vũ Số
JohnThị xã, 120324",Tiểu đường,4.27,Linh Phạm,27/03/2026
0a4e5b70-a6d9-44a3-b510-ab53c7fee39f,Mai Phạm,367966283364,16/08/1996,0887799802,johnle@example.com,"45 John Hẻm
JohnXã, 126925",Tim mạch,7.37,Nhiên Bùi,21/02/2026
9793b9b4-1374-4146-b2c5-bd89b70b3420,Cô Yến Vũ,978230346737,07/06/1997,0541946264,hoangjohn@example.com,"850 Dương Ngõ
JanePhường, 968962",Khỏe mạnh,6.61,Anh Huy Lê,07/04/2026
9dac6e83-4524-4ea6-a684-6099f7294951,Quý ông Huy Hoàng,540146412939,14/12/1954,0305685946,johnvu@example.com,"9 Đặng Đường
JaneQuận, 611233",Khỏe mạnh,10.42,Bà Vi Vũ,14/02/2026
e14eb70d-b380-473a-989d-9d4ae15ca666,Tùng Nguyễn,229637596985,27/01/1973,0827039393,johnpham@example.net,"7 Dương Đường
Huyện JohnThị xã, 825391",Tiểu đường,10.97,Bà Dương Hoàng,18/02/2026
6cedd15d-5800-4c02-87ea-7ff58db06746,Quang Mai Vũ,983040031504,28/09/1957,0848453015,johnpham@example.com,"374 Trần Làng
JohnHuyện, 288158",Tiểu đường,6.34,Nam Mai,17/01/2026
8da8eee4-0df5-4ac6-b96b-648a0ba6eab9,Hoàng Dương,452866172947,06/11/1942,0575136219,hoangjane@example.com,"047 John Số
JohnXã, 760021",Tiểu đường,3.64,Lan Lê,17/04/2026
fe716b14-15ce-4a66-8dc8-2a1ef2f9e5fa,Cô Vân Bùi,211293236377,15/08/1979,0893668926,janeduong@example.com,"99 John Làng
Huyện JohnQuận, 351516",Tim mạch,4.63,Cô Bảo Nguyễn,23/02/2026
4a8ff810-784c-4f29-9804-02a2b07aa066,Mai Vũ,293818680665,20/12/1986,0989263233,rtran@example.org,"18 John Khu
Thành phố JohnQuận, 931131",Khỏe mạnh,11.89,Trọng Hoàng,01/05/2026
b04d3376-77fc-4703-9fd5-a423706c5c56,Thành Vũ,294124199108,23/11/1971,0796426094,fduong@example.net,"5 Nguyễn Ngõ
Thành phố JaneXã, 142185",Tim mạch,7.88,Quý cô Phương Dương,01/05/2026
6f962882-95d8-4980-bf37-d19c2e76128b,Ông Châu Đặng,134296716369,03/03/1965,0353146053,john25@example.com,"6 Jane Ngõ
JaneHuyện, 221552",Huyết áp cao,7.66,Phương Văn Mai,02/03/2026
5c9d927d-84b8-41bb-b005-68d20de051a6,Quý ông Hưng Phạm,282801190187,08/11/1954,0844662589,janeduong@example.net,"9 John Khu
Thị xã JohnQuận, 982277",Tiểu đường,5.18,Nhật Trần,26/03/2026
b77350ca-eec2-49dc-bf95-897c276aa6ce,Minh Vũ,446926395702,09/09/1965,0717658934,pduong@example.com,"982 Jane Số
JaneThành phố, 396578",Tim mạch,3.64,Nhiên Hoàng,11/05/2026
7250ee18-260a-4962-9d81-b7f57d5911c6,Bác Dũng Mai,536451764712,19/01/1991,0751188599,uduong@example.org,"Thị xã JohnThị xã
76 Lê Dãy, 138817",Khỏe mạnh,8.51,Bà Hà Dương,14/01/2026
b8f21423-03ed-41f8-b4f9-3d17e912b4bf,Quý cô Hải Lê,580941423696,27/10/1940,0927057496,jane96@example.net,"8 Đặng Dãy
Thành phố JohnPhường, 817644",Huyết áp cao,7.16,Quang Trần,26/02/2026
b4323070-a23d-4c2f-82a7-96891933918c,Nhật Lê,834919471270,08/01/1986,0718663135,nguyenjane@example.org,"23 Hoàng Hẻm
Quận JohnXã, 501126",Tim mạch,11.44,Quý cô Xuân Hoàng,19/01/2026
75a66981-4104-48b5-a34d-b7c5760debbb,Nam Dương,546854085318,23/02/2001,0720591557,johnduong@example.com,"JanePhường
43 Dương Ngõ, 348728",Khỏe mạnh,6.19,Khoa Phú Hoàng,08/02/2026
fa5a91ca-059d-455d-8b94-3e30b303f438,Hạnh Văn Hoàng,302616509818,06/07/1998,0310496500,hoangjane@example.com,"5 John Khu
Thành phố JohnHuyện, 926918",Khỏe mạnh,10.74,Ông Nhiên Đặng,06/04/2026
53a3dd5a-4b8c-4bdc-a8dd-5e5a1712fb16,Bảo Hoàng Lê,096530693467,10/10/1992,0944872399,jane24@example.com,"JaneThành phố
236 Trần Số, 114594",Tiểu đường,9.42,Tùng Trần,01/03/2026
431d029f-ac1e-46d8-bfbf-397bac3e7b0d,Hải Phú Trần,489895774077,15/08/1984,0516884517,nnguyen@example.net,"1 Vũ Số
Quận JohnThành phố, 419149",Khỏe mạnh,5.54,Ông Tú Phạm,27/04/2026
5efa9c5b-7421-4f46-a37e-4b0122bae10e,Khoa Trí Bùi,380239276215,03/03/1983,0812238399,ahoang@example.com,"773 Trần Tổ
JohnThị xã, 389282",Tiểu đường,6.89,Cô Ánh Dương,13/01/2026
98de8ebb-a3b5-4ece-a446-be72364c911a,Ngọc Đặng,348159803371,20/02/1953,0951374757,johntran@example.net,"529 Jane Hẻm
Huyện JohnThành phố, 793169",Tim mạch,7.99,Lan Nguyễn,16/02/2026
52e2afd9-96bf-40ab-bce9-15e7c9d6a63b,Lan Vũ,267061467810,09/03/1939,0312811459,hmai@example.net,"89 Jane Làng
Huyện JanePhường, 132663",Khỏe mạnh,6.2,Chi Bùi,25/02/2026
e8e22743-b65f-4ea9-bd82-42641ba362e7,Ông Vũ Đặng,333356680860,07/10/1979,0795286259,lejane@example.net,"98 Dương Số
Thành phố JohnThị xã, 573489",Huyết áp cao,8.16,Quý cô Linh Dương,22/02/2026
6d4067f4-5003-4b35-9857-8bafbac7e2b9,Anh Phú Lê,048041565983,01/07/1985,0871256999,ftran@example.org,"5 John Tổ
Thị xã JanePhường, 886730",Huyết áp cao,4.12,Nhật Thị Vũ,20/03/2026
81e5c9f6-93f2-47cc-9a85-910d5a057c11,Chị Dương Dương,169527472666,24/09/1951,0590175428,dangjane@example.org,"89 Jane Đường
Huyện JaneHuyện, 468074",Tiểu đường,3.57,Lan Lê,16/03/2026
bdb025ff-2451-45a4-91d0-59b26699cd99,Hương Mai,338171183463,24/01/1951,0997160834,vduong@example.org,"9 John Hẻm
Thành phố JohnHuyện, 564637",Tim mạch,5.8,Nhật Mai Bùi,05/02/2026
585d3f86-1d23-44e6-8329-20b7c143f426,Hà Thế Hoàng,125780092231,19/11/1970,0300125771,john36@example.net,"32 Vũ Tổ
Thành phố JanePhường, 551574",Huyết áp cao,6.0,Chị Kim Mai,03/04/2026
ab05347f-d556-437d-8f08-81ee8011316b,Vũ Hữu Nguyễn,895946484872,16/03/1967,0555922995,utran@example.net,"6 Trần Số
Huyện JohnXã, 582446",Huyết áp cao,6.31,Vũ Bảo Trần,01/02/2026
1422373f-8622-48d1-a683-e10796c044d0,Hạnh Tấn Phạm,117952725059,03/09/1959,0344700529,johnmai@example.net,"52 John Hẻm
JohnQuận, 731661",Tim mạch,10.39,Cô Bảo Dương,02/03/2026
72eb7474-9458-454e-8287-4f069050f7ef,Dũng Trí Dương,648556701343,05/05/1940,0527039481,yvu@example.com,"1 Dương Dãy
Thành phố JaneHuyện, 180458",Tim mạch,7.22,Khoa Hoàng,08/03/2026
f4488385-8de7-4d6c-9490-77c27674456f,Chi Hoàng,933071032147,11/12/1982,0958089357,jane82@example.org,"1 John Làng
JaneXã, 648141",Huyết áp cao,4.5,Bà Thành Vũ,20/02/2026
990f0c5b-adcc-4daf-969f-3ab3c6435300,Vi Đặng,521379772023,03/03/1940,0717414046,maijane@example.com,"19 Jane Khu
JohnXã, 843266",Huyết áp cao,5.79,Hạnh Mai,19/02/2026
20b71785-d02c-40c1-9417-0a17caaa5bbe,Hải Bùi,178105376471,24/06/1972,0765822486,dangjane@example.org,"33 John Ngõ
JohnXã, 908320",Huyết áp cao,5.71,Dương Đặng,25/04/2026
6070b6a1-98e5-4499-a18c-6e1c9e374f7a,Chị Bảo Hoàng,825092288061,03/06/1994,0760324336,janenguyen@example.com,"94 Phạm Làng
JaneQuận, 485709",Khỏe mạnh,4.1,Quý ông Khoa Bùi,07/03/2026
d11fc8c0-297c-44ff-b75d-599f6b2d5b09,Chị Ánh Vũ,378901747709,03/03/1939,0898417171,jdang@example.org,"12 Dương Hẻm
JohnQuận, 956375",Khỏe mạnh,3.92,Bác Nam Bùi,07/01/2026
62dbc850-3c5b-43a7-9fbb-f0b1808389c8,Thành Phạm,782988331945,01/06/1937,0957591245,dangjohn@example.org,"2 Dương Đường
Thành phố JaneQuận, 975522",Tiểu đường,8.93,Quý cô Hà Vũ,01/02/2026
6b79afcc-3d0a-4f0c-8c39-4ec71f317405,Ông Tú Dương,242935644483,03/12/1978,0700817030,maijohn@example.net,"953 Lê Ngõ
JohnXã, 670511",Tiểu đường,4.41,Hồng Dương,06/01/2026
40ef3935-5f90-4ed6-bb25-664d630aa767,Linh Trần,814899248628,12/07/1960,0590321327,hoangjane@example.org,"2 Dương Hẻm
Thành phố JaneThành phố, 407696",Tiểu đường,6.93,Cô Vi Phạm,27/04/2026
83f02dc7-4f61-4217-aef1-669450cae32d,Phương Mai Bảo Vũ,113835383283,12/01/1938,0304300096,janedang@example.org,"15 Bùi Dãy
JaneQuận, 620306",Huyết áp cao,9.87,Bác Minh Vũ,15/04/2026
6e3c4532-1434-4f62-acac-028cba220065,Bà Thành Trần,072683242287,15/03/1941,0592144685,jane79@example.net,"70 Hoàng Số
JohnThành phố, 803787",Huyết áp cao,8.39,Thành Xuân Nguyễn,19/01/2026
702c1821-c804-4fb7-ad97-3b679b89e5cb,Lan Trần,354250262663,02/08/1952,0365487257,jane69@example.org,"57 John Tổ
JanePhường, 392227",Tiểu đường,5.33,Cô Ngọc Lê,07/03/2026
1e2595b8-8fc9-486b-a9dd-ebf563119aca,Anh Dương,419391725019,09/01/1951,0823040825,jane31@example.org,"715 Trần Khu
JohnPhường, 844031",Tiểu đường,3.9,Bà Phương Phạm,16/01/2026
3c9abe10-238d-4f44-8ac4-d0eb3373730e,Ông Quang Mai,170861661083,19/02/1977,0564086971,imai@example.net,"67 Bùi Ngõ
Huyện JohnThị xã, 588461",Huyết áp cao,9.08,Hoàng Xuân Lê,26/02/2026
d4d60735-0e2f-4958-9e43-1e06e9247069,Phương Lê,210709800348,24/07/1957,0981578250,janepham@example.com,"438 Lê Khu
Quận JohnQuận, 790731",Khỏe mạnh,4.41,Nhiên Thị Nguyễn,11/01/2026
93a74792-c561-48dc-a436-4fcdf2d3f761,Trung Hoàng,076458287552,08/10/1965,0993656867,duongjane@example.net,"647 John Hẻm
JaneThị xã, 587002",Huyết áp cao,10.28,Bà Duyên Lê,10/02/2026
fcef1972-bbf4-43ce-91be-b80eb7e6a14c,Thành Trí Đặng,863011754943,14/12/1972,0818728890,dangjohn@example.com,"210 Bùi Số
Quận JaneXã, 856157",Tiểu đường,9.04,Trung Xuân Dương,11/05/2026
4efc8248-e10b-4a47-bfae-b7487781321e,Ông Vũ Bùi,509275398287,04/04/1972,0769806059,johnhoang@example.com,"97 Mai Đường
Thị xã JohnHuyện, 862847",Khỏe mạnh,7.89,Thành Phú Nguyễn,22/02/2026
5cce5ba9-31d4-4e09-8fd3-3afc91fdfa4f,Vũ Bùi,277640097839,03/03/1972,0892087410,john21@example.com,"5 John Số
Thành phố JohnQuận, 848255",Tim mạch,9.3,Châu Mai Lê,21/03/2026
ee6e2e72-53f5-41dc-a3c8-afdb83f82f16,Phúc Hữu Hoàng,358334847125,01/05/1989,0342907941,jane88@example.net,"05 Trần Số
JohnXã, 597643",Huyết áp cao,6.73,Nhiên Hoàng,30/01/2026
2ba6adb3-7afe-4114-9561-c8130d259caa,Bảo Hải Nguyễn,852318016961,27/02/1977,0873820802,phamjohn@example.com,"36 Nguyễn Hẻm
Huyện JaneXã, 495129",Khỏe mạnh,11.52,Phúc Mai Mai,14/02/2026
de1e994a-c5a1-4f5c-ad05-b9125ab28d4a,Trọng Dương,965126689546,24/05/1949,0379571166,janemai@example.com,"37 Dương Tổ
JaneThành phố, 701334",Tiểu đường,4.58,Kim Phú Lê,08/02/2026
143b45e3-b6d1-46bb-b48f-709c49a22441,Bảo Đức Dương,208457202643,24/12/1950,0592340394,jane21@example.net,"083 John Ngõ
JanePhường, 595351",Huyết áp cao,8.39,Hải Lê,01/01/2026
286ed390-edd9-4a1a-ba58-5b278ce3e7c3,Hải Mai Bảo Dương,956840067510,06/11/1982,0574330487,jane40@example.org,"0 Jane Hẻm
Thị xã JaneQuận, 885386",Huyết áp cao,5.08,Hưng Nguyễn,09/02/2026
fba57cc8-edaf-4766-9b78-0ede9a4ffc0c,Khoa Mai Mai,853871813195,20/08/1973,0787631496,janevu@example.org,"742 Jane Khu
Quận JaneThị xã, 640310",Khỏe mạnh,5.71,Vũ Hữu Trần,25/01/2026
ef9240b6-52d7-4f10-ba3a-6e9623ff23d3,Cô Thảo Bùi,542001031573,20/07/1952,0719869046,jane49@example.net,"5 John Ngõ
JaneQuận, 525110",Khỏe mạnh,5.79,Tú Vũ,18/02/2026
22319050-f515-4494-b818-cfd33889936a,Anh Bảo Hoàng,349613282610,20/08/1962,0309447567,zmai@example.net,"9 Jane Tổ
Thành phố JohnXã, 630041",Huyết áp cao,4.51,Chị Lan Đặng,22/04/2026
3495311e-ae27-4432-9dc1-e7eb711c7673,Ông Minh Dương,040341813398,24/05/1994,0377133737,gle@example.com,"7 Nguyễn Số
JohnPhường, 328486",Tim mạch,6.33,An Bùi,15/02/2026
0f6ce9bf-fe7e-4362-8a89-b0f0105291d3,Nhật Nguyễn,030553257183,25/04/1956,0939203359,johnbui@example.com,"JaneThị xã
825 John Số, 654531",Khỏe mạnh,10.31,Chị An Nguyễn,09/05/2026
8b60c511-b816-4aeb-ac6a-7c8576876c62,Phương Hữu Phạm,808947255696,05/06/1953,0370691260,john43@example.net,"6 John Làng
Thành phố JohnThị xã, 726822",Khỏe mạnh,11.55,Mai Nguyễn,22/02/2026
c11f6bf5-379e-4467-8a2d-b2e63bfda8a6,Lan Mai,736855129770,20/11/2007,0505252592,janehoang@example.net,"428 Jane Khu
JohnXã, 720407",Huyết áp cao,9.31,Quý cô Phương Dương,07/01/2026
abdd1a8f-a4b0-4c89-b10b-ce9c582b91ee,Phương Tấn Bùi,531587733793,28/02/1965,0331370923,jane28@example.com,"27 Jane Số
Thị xã JohnHuyện, 313214",Tiểu đường,5.08,Vũ Mai Đặng,13/01/2026
0d31812e-30c3-4756-9453-f867b97e6224,Thành Hoàng,690798893651,17/05/1979,0591941442,phamjohn@example.com,"03 John Dãy
Quận JaneQuận, 678897",Khỏe mạnh,11.02,Khoa Hữu Dương,11/03/2026
5c11ab6d-42f5-43f5-8ef4-c34d5bf86f3c,Quý ông Tú Dương,300179595211,17/12/1990,0905266724,john55@example.com,"2 Jane Số
JohnQuận, 445888",Tiểu đường,4.76,Quý cô Duyên Phạm,07/03/2026
566a9ce7-af52-4b94-b186-e47aa7946320,Châu Dương,309846430533,31/12/1968,0823808731,john28@example.com,"0 John Đường
JohnPhường, 342675",Tim mạch,10.99,Nhật Lê,02/01/2026
0f79a8a7-5f8a-44bd-b4bd-0c938177b661,Quý ông Nam Nguyễn,086963330881,18/03/1974,0383067608,bnguyen@example.net,"862 John Hẻm
Quận JaneHuyện, 380310",Khỏe mạnh,10.48,Hà Phú Bùi,02/03/2026
39d1c7ff-b27e-4442-bd7f-e9733e42df5b,Vũ Nguyễn,172734309193,09/03/1942,0817394167,jbui@example.com,"2 Jane Số
JohnXã, 144618",Tim mạch,9.6,Chị Xuân Hoàng,04/03/2026
af36b8cc-1308-4974-ac95-b3ac0beb7c34,Tùng Hoàng,752934998137,27/05/1983,0973276504,janenguyen@example.org,"429 Jane Tổ
JohnPhường, 859340",Tiểu đường,8.04,Phương Đặng,08/01/2026
1375ee90-d6b3-41e4-bb6d-ca0d6fe5040b,Trọng Hữu Đặng,554534677282,09/07/1937,0560980945,jane73@example.com,"29 Trần Khu
Thành phố JohnHuyện, 261712",Huyết áp cao,9.63,Nhật Trí Bùi,11/02/2026
f165d779-0154-4950-976d-e21f1b46ebdc,Bảo Đặng,305308716881,09/12/1990,0328752928,lejohn@example.org,"015 Jane Số
Huyện JaneThị xã, 917018",Khỏe mạnh,7.15,Nhật Mai,29/04/2026
85671b58-926b-4fa5-be24-5fbffa698cd2,Quý cô Bảo Lê,650824740877,28/12/1954,0922850541,jane21@example.org,"71 Vũ Làng
JohnThị xã, 212168",Khỏe mạnh,7.04,Bà An Bùi,13/02/2026
dcb9075e-cdd7-4460-a140-77d39ec4ea48,Bảo Tấn Bùi,509767390403,21/11/1994,0526660597,janedang@example.net,"52 Đặng Khu
JohnHuyện, 494322",Tiểu đường,10.29,Thành Đặng,15/01/2026
ff4cc10f-979c-40cf-b326-1887905881df,Cô Nhật Dương,099559244578,13/03/2004,0941048406,janevu@example.net,"7 Jane Làng
JohnPhường, 543681",Huyết áp cao,4.54,Hà Mai Hoàng,04/03/2026
ec6a37ad-81b1-4db9-88cc-4d49669b29b8,Phương Thị Đặng,920611631380,31/07/1986,0751645611,tranjohn@example.net,"9 Jane Tổ
JohnThành phố, 203396",Khỏe mạnh,4.02,Quang Mai,08/04/2026
9342a09f-b00a-464c-949c-d8d48ed8a80d,Quý cô Linh Bùi,288767235465,01/03/1969,0348845551,janenguyen@example.com,"125 Đặng Dãy
Thị xã JaneThị xã, 202365",Tiểu đường,5.74,Quý ông Dũng Trần,09/02/2026
05c8234b-1d76-4a66-b5f5-9cb0cf685878,Tú Xuân Phạm,246581816137,10/01/1973,0335663739,janemai@example.com,"22 Bùi Đường
Thị xã JaneThị xã, 104666",Huyết áp cao,7.4,Chị Thảo Trần,17/03/2026
2fdc9992-8971-4eea-9f3a-098accac2fb5,Dũng Hoàng Dương,625583672744,05/09/1943,0769589039,omai@example.com,"1 Đặng Dãy
Huyện JohnPhường, 240454",Tiểu đường,6.52,Tú Hải Vũ,16/01/2026
82c56b21-2430-42da-b185-0eb85f90fc87,Kim Trí Hoàng,033363039188,16/05/1963,0758893265,janemai@example.net,"2 Vũ Hẻm
Huyện JaneXã, 156215",Tiểu đường,11.34,Nam Mai Bảo Lê,26/01/2026
816462cb-8fc3-47d3-b6bd-80c7624a2a50,Quý ông Châu Bùi,786545433364,15/03/1987,0565424261,kduong@example.org,"04 Jane Hẻm
JaneXã, 635618",Huyết áp cao,4.69,Khoa Trần,05/02/2026
5deaa737-fdab-4441-92c2-a9608b0901ab,Vi Dương,701011431340,30/03/1975,0893300345,vtran@example.net,"745 Jane Ngõ
Quận JanePhường, 739905",Tim mạch,10.62,Bảo Trí Phạm,17/04/2026
59cf0b0d-91f0-447d-8f32-1333ce315937,Trọng Mai,230266861334,26/08/1947,0842238684,jane94@example.net,"Quận JaneThành phố
2 John Hẻm, 845951",Tim mạch,7.96,Quang Hữu Dương,19/01/2026
6a0aa7d5-a0b8-4755-84ca-a5a2a1e518a2,Nhật Quang Trần,330174775767,07/10/1964,0819549265,jane77@example.com,"7 Trần Số
Thị xã JohnThị xã, 381581",Tiểu đường,7.99,Khoa Tấn Mai,17/03/2026
c9ce44bd-7c3f-4add-9a38-5db590eeb067,Hưng Thị Trần,259291609162,26/01/1981,0893579613,hnguyen@example.org,"32 Lê Khu
Huyện JaneThành phố, 489906",Tim mạch,4.33,Cô Kim Vũ,06/04/2026
a7cde143-6de2-4429-bbf0-d9c1c156e501,Nhật Trần,487808129676,09/06/1935,0837380974,itran@example.net,"051 Lê Dãy
Quận JaneThành phố, 866260",Huyết áp cao,6.8,Hà Đặng,18/02/2026
c601818b-61fa-41ba-a31a-e7c74c9bff5c,Chị Hà Mai,171158492802,24/06/1976,0741565544,janedang@example.net,"97 John Ngõ
Thành phố JaneHuyện, 550246",Huyết áp cao,3.95,Hoàng Hải Vũ,26/03/2026
999a1d86-99db-4302-8dab-66d33f87dfc2,Nam Vũ,943591631127,11/05/1950,0532650672,janevu@example.net,"61 Jane Ngõ
Huyện JaneQuận, 505629",Tiểu đường,4.81,Thành Xuân Dương,06/05/2026
965d744f-0445-41a8-92af-97e4c536c66e,An Vũ,880768690759,09/02/1951,0527936215,buijane@example.net,"61 Jane Ngõ
JohnXã, 313068",Tiểu đường,5.12,Bà Kim Hoàng,25/03/2026
a4a5c736-ae59-4a52-a65b-e22bd5a386d9,Hạnh Bùi,090145146846,24/08/1988,0945330072,johnpham@example.org,"99 Jane Hẻm
Thành phố JohnPhường, 111901",Tim mạch,9.07,Quý cô Thành Mai,09/03/2026
2abe1585-425e-4259-b884-16d2d28fcf68,Hoàng Đức Trần,474717737035,04/09/1991,0979791678,dangjane@example.com,"9 Jane Dãy
JohnThị xã, 694423",Tiểu đường,3.66,Bà Bảo Vũ,12/04/2026
b90800f3-ac93-481a-92eb-eab0e4eec67c,Lâm Mai,019760185926,19/07/1935,0397211465,phamjohn@example.com,"086 Jane Làng
JaneHuyện, 966120",Khỏe mạnh,3.93,Khoa Đặng,16/01/2026
2de982f8-0d7b-4c04-a6e5-9b32ac5f12ef,Cô Hồng Trần,820813621302,20/05/1999,0334662584,jane51@example.net,"494 Jane Tổ
JohnPhường, 673108",Tim mạch,10.19,Chị Ngọc Bùi,04/01/2026
d6ee526b-a2cd-4590-98af-393c8aa2b4c9,Linh Nguyễn,662169887788,06/10/1990,0929389425,gvu@example.org,"70 Jane Ngõ
Quận JanePhường, 490586",Tiểu đường,7.07,Ông Nhiên Trần,08/03/2026
13281726-64f4-44d6-91e9-1691a3209116,Hồng Lê,277089009126,23/08/1952,0382370180,jane65@example.com,"329 John Ngõ
Thị xã JaneHuyện, 526259",Tiểu đường,10.93,Phương Đặng,07/05/2026
769de1e3-4eed-4124-b3b0-d6763527a5c8,Tú Trần,701340324617,12/11/1946,0943407925,john35@example.org,"68 Jane Khu
Thành phố JaneThị xã, 682959",Khỏe mạnh,9.05,Cô Chi Trần,16/04/2026
0fc98d2e-030f-4be9-9f17-8f9323c97a1e,Chị Mai Bùi,576784328122,14/07/1962,0575803566,hoangjane@example.org,"721 Trần Đường
JohnQuận, 701761",Tiểu đường,4.35,Nhật Hữu Dương,04/01/2026
5a9c0679-2c3d-47e2-ad39-da75aee70ab2,Chị Thảo Vũ,814389307669,02/12/1967,0904627886,johnhoang@example.net,"68 Nguyễn Ngõ
JaneQuận, 539599",Huyết áp cao,10.19,Chị Dương Mai,15/04/2026
b69f75c5-c82b-41be-a1eb-64e6fd498e20,Châu Mai Bảo Đặng,394577448469,26/12/2001,0368374270,jane42@example.org,"407 Hoàng Làng
Thành phố JohnPhường, 352867",Khỏe mạnh,9.04,Tùng Nguyễn,11/04/2026
d8b48ead-9360-4edf-b82b-5b86f2a32efd,Thành Xuân Lê,011635454343,17/08/1952,0923036009,jane90@example.net,"3 Mai Khu
Thị xã JohnThành phố, 158896",Tiểu đường,4.8,Chị Ngọc Mai,04/03/2026
33932b6c-9d37-4fb6-aafb-3e9054ec84ce,Bà Nhật Lê,867729796372,07/06/2002,0775362525,john02@example.net,"851 Bùi Ngõ
JaneHuyện, 243079",Tim mạch,3.86,Quý cô Hải Dương,27/03/2026
8fddbebc-f7ff-48d4-b509-f08a2c988bca,Quang Xuân Bùi,240854591532,04/10/1957,0348227663,john20@example.net,"0 Jane Làng
Thị xã JohnHuyện, 881549",Khỏe mạnh,4.1,Lâm Đặng,09/05/2026
f68c62e6-e2a4-4909-a2dd-22d52afaab7b,Nhật Đặng,026239891467,18/12/1967,0901852914,john31@example.com,"0 Jane Dãy
JohnThị xã, 617033",Huyết áp cao,11.83,Thành Hữu Trần,19/04/2026
a6a5f0ff-93fb-41d0-9d32-6d9cc9ea356a,Chị Chi Trần,035555847432,13/09/1993,0727190277,vujohn@example.com,"526 John Ngõ
JanePhường, 132498",Khỏe mạnh,8.47,Hải Xuân Hoàng,27/04/2026
54c29d5c-19ec-4829-8db5-d4412837f418,Chị Hồng Mai,253000994911,26/01/1988,0936032147,jane43@example.org,"050 Trần Khu
JohnThành phố, 126985",Tiểu đường,11.59,Chị Dương Vũ,08/05/2026
4ef03f80-1d91-4e39-9801-4004793bed1b,Nhật Mai Bảo Vũ,745900469507,05/01/1942,0991832027,xle@example.com,"477 Phạm Khu
Quận JohnThành phố, 800596",Tim mạch,7.95,Tùng Bảo Hoàng,30/01/2026
d183010f-6319-429b-973e-7bb90f9ca17b,Phương Mai Bảo Hoàng,673922998795,21/09/1999,0728690106,fvu@example.com,"9 John Dãy
Quận JohnQuận, 232315",Tim mạch,11.94,Hồng Trần,10/05/2026
d2938e6e-ff4d-4930-b3b0-fb536f75ee8a,Bà Thành Trần,360958895212,17/09/1941,0333704003,umai@example.com,"9 Trần Số
Quận JohnThành phố, 690016",Tim mạch,7.63,Hạnh Mai,26/04/2026
620f230b-439e-454c-a930-16eae0bda1ee,Quý ông Hưng Lê,610231499505,19/06/1955,0508803036,janenguyen@example.com,"3 Jane Khu
JohnHuyện, 957091",Tim mạch,9.19,Khoa Vũ,21/04/2026
1924c644-af52-4666-b239-09f4dbb54645,Chị Thảo Dương,335603430077,12/11/1991,0835468955,jane69@example.net,"678 Nguyễn Hẻm
Huyện JaneQuận, 918430",Khỏe mạnh,8.96,Lan Phạm,25/04/2026
3fde9814-0ec0-4d4b-9644-1a9d3362d476,Chi Nguyễn,664967257928,18/05/2002,0375373976,janedang@example.com,"0 Jane Dãy
JohnThị xã, 715388",Huyết áp cao,8.94,Quang Xuân Vũ,09/04/2026
0706fec2-48fa-4e98-9723-ecdbb0588256,An Xuân Hoàng,543764997415,15/04/1992,0338465375,johnpham@example.net,"0 Jane Hẻm
Thành phố JohnHuyện, 737894",Khỏe mạnh,10.51,Anh Bùi,28/04/2026
4082fcda-7580-44e9-9945-0186da018d29,Quý cô Thảo Mai,290098950772,15/07/1995,0721691164,ghoang@example.org,"9 Vũ Ngõ
JohnHuyện, 389913",Huyết áp cao,7.34,Anh Đức Vũ,25/01/2026
e651e3e1-3d84-4fc9-83f6-2136846d5a3b,Vi Hoàng,517291589720,09/11/1964,0319258587,john07@example.com,"60 Jane Làng
JaneXã, 414777",Tiểu đường,7.1,Chị Hạnh Trần,03/03/2026
ceef9fa8-b9a5-44d0-8237-01f1bdacdc5e,Bà Hải Trần,869138774866,02/08/1951,0917332848,janebui@example.com,"17 John Dãy
Thành phố JaneXã, 412848",Huyết áp cao,10.7,An Trí Lê,10/05/2026
91c46efc-fcb8-46bb-a8c0-cbef57b936b0,Anh Dũng Lê,288276709581,22/03/1992,0305507816,odang@example.org,"743 John Dãy
Quận JanePhường, 550268",Khỏe mạnh,10.02,Kim Mai Bảo Bùi,01/01/2026
5f8392d5-bb0c-4919-b30c-cff588a5fa0d,Xuân Đặng,942437050600,11/08/1990,0895907544,johnnguyen@example.net,"5 Lê Ngõ
JaneQuận, 168458",Tiểu đường,8.3,Thảo Vũ,01/03/2026
567c5d44-862c-42fd-98ab-b2e785319f0f,Hải Trí Đặng,007910488301,30/01/2008,0835189780,wdang@example.org,"332 John Hẻm
Huyện JohnThị xã, 771425",Tiểu đường,6.37,Tùng Hoàng,07/01/2026
1bad52a8-a976-4c4d-8c47-2187fea35d37,Ngọc Trần,376430768633,13/10/1965,0851105712,jtran@example.com,"046 Jane Hẻm
JohnXã, 853681",Tiểu đường,3.55,Hạnh Trần,13/04/2026
3322c68b-9be7-4aec-b2da-81f07f6bd3c6,Minh Phạm,415106907819,27/06/1961,0749723776,kvu@example.org,"7 Phạm Đường
Thành phố JohnXã, 801520",Huyết áp cao,6.99,Anh Vũ Mai,10/01/2026
41822509-e79f-4f3d-99ee-2c3bb93c4b0b,Quý cô Thảo Vũ,039767065305,02/04/1969,0847972048,lejohn@example.com,"11 John Hẻm
Huyện JaneThị xã, 752011",Tim mạch,6.02,Vũ Đặng,17/04/2026
6676cc75-6699-4af5-9d24-181c2ed087d4,Bác Thành Dương,133835858887,02/10/1993,0568357587,johnle@example.net,"697 Lê Số
JohnPhường, 979269",Huyết áp cao,7.18,Quý cô Nhật Trần,27/04/2026
42f90f92-1036-4a81-8bc4-d7ba70d0ebcb,Nam Hải Đặng,477062014296,03/04/1973,0887461316,buijohn@example.com,"890 John Dãy
JohnThành phố, 887931",Huyết áp cao,6.79,Bác Quang Đặng,08/05/2026
8ced4707-3903-4b65-81c6-1eeb0ce3c8c8,Kim Hải Trần,519231952616,15/11/1968,0764758370,ftran@example.com,"0 Jane Số
Thành phố JohnXã, 749137",Huyết áp cao,4.32,Minh Mai,28/01/2026
57423882-f34a-4949-b4ca-0ad7abe5be96,Hưng Hải Dương,137982581451,05/08/1959,0309711164,tdang@example.com,"554 Trần Đường
Thị xã JohnPhường, 878579",Tiểu đường,10.0,Hà Đức Hoàng,26/01/2026
6494dd5c-da29-4905-ae22-a70b1ee93260,Quý cô Ánh Phạm,788319663933,08/09/1987,0377108622,buijohn@example.net,"79 Jane Đường
Thị xã JaneXã, 919023",Khỏe mạnh,5.42,Chị Nhật Lê,14/01/2026
e1f85b33-9b2d-4a2a-99bd-6240a8535961,Minh Hữu Bùi,113557666403,12/11/2006,0364816990,janebui@example.com,"JohnQuận
8 Mai Tổ, 846454",Tiểu đường,7.66,Chị Mai Hoàng,04/04/2026
ac20af11-ebd3-4927-9865-28e6afc5c20e,Chị Phương Mai,037575665070,17/01/1986,0333972333,john58@example.com,"8 Bùi Đường
Thành phố JaneQuận, 155642",Tim mạch,7.55,Mai Vũ,09/04/2026
aef2ab2f-495f-42fc-bbc8-c77e29330fc4,Hoàng Nguyễn,309622104947,10/10/1985,0331525224,john80@example.com,"8 Jane Làng
JohnThị xã, 506380",Khỏe mạnh,10.13,Hải Tấn Mai,08/01/2026
9edd2182-33fd-462d-8057-e470be6127a8,Anh Quang Hoàng,154157941999,06/04/1975,0534512387,johnvu@example.com,"281 Nguyễn Số
JaneQuận, 268746",Tim mạch,7.65,Nam Đặng,03/03/2026
27591ad4-0a39-4bf7-a7a1-58a0efffa2f4,Trọng Thị Hoàng,229565187663,28/11/1996,0772524414,jane98@example.com,"3 John Hẻm
JaneThành phố, 466375",Tim mạch,9.13,Chị Dương Đặng,13/02/2026
c0ae0b1a-f347-4736-b7ec-07a64b27b079,Ông Tú Đặng,215734372336,23/11/1967,0535602817,johndang@example.com,"48 Nguyễn Tổ
JaneThành phố, 410833",Tiểu đường,7.27,Bà Vân Trần,05/05/2026
c5f833cf-f4ce-4477-b8bc-a9ac2ada62ce,Dương Trần,188058077173,30/09/1950,0373013295,janetran@example.org,"1 John Dãy
JohnThành phố, 176806",Khỏe mạnh,8.39,Lan Vũ,15/03/2026
e9366a85-3a46-4be3-9255-a4de9330ba83,Huy Bùi,624279595628,16/04/1968,0787289715,ubui@example.org,"0 John Ngõ
JohnHuyện, 925115",Tim mạch,4.75,Trọng Trần,06/02/2026
65262474-61a4-41ff-b00b-8b43ed3b9d13,Chi Lê,694143723203,21/04/1974,0957099671,janemai@example.com,"50 John Đường
Thị xã JohnHuyện, 320256",Huyết áp cao,6.04,Trung Bảo Mai,19/01/2026
d5b211a9-9dec-4b83-b885-8f7e2f1a25a8,Trung Trần,280745399252,06/08/1948,0383403427,maijane@example.net,"1 Trần Làng
JaneHuyện, 234443",Huyết áp cao,4.17,Cô Thảo Hoàng,10/01/2026
735d88f3-7c61-46df-915a-6b4331891f48,Trọng Thế Hoàng,205028900303,26/06/1946,0733558375,jane62@example.org,"6 Đặng Hẻm
JaneThị xã, 566991",Khỏe mạnh,4.79,Khoa Mai Bảo Mai,15/01/2026
d77fbeeb-14fc-4a5d-9b4b-f377a542deb9,Hoàng Mai,500255251919,12/09/1949,0586700813,tranjohn@example.net,"3 Jane Dãy
Huyện JaneQuận, 909652",Khỏe mạnh,7.11,Hoàng Dương,07/03/2026
808e08d2-5d26-4b1b-a593-b659172e8c68,Dương Phạm,837827783682,06/04/1997,0583250902,johnduong@example.org,"7 Nguyễn Làng
JohnThành phố, 377198",Khỏe mạnh,3.78,Quang Thị Phạm,09/03/2026
783c91eb-635a-41f2-9c7a-f83dca9d2704,Ông Hưng Đặng,444209653641,23/11/1942,0902299978,jane98@example.net,"91 Bùi Làng
JaneHuyện, 610511",Khỏe mạnh,10.88,Ông Minh Lê,27/02/2026
a4bae8bf-83b8-4a05-93bc-0dc63ae0acdb,Trung Lê,849721489722,01/01/1949,0710803438,john36@example.com,"7 Phạm Hẻm
JohnQuận, 145240",Khỏe mạnh,8.49,Chị Bảo Mai,06/01/2026
2a955908-0e50-4fd8-a598-f38392803da2,Phúc Mai,513706283714,24/04/2005,0914768321,vujohn@example.org,"23 Hoàng Hẻm
Huyện JohnPhường, 818894",Khỏe mạnh,3.79,Bảo Quang Phạm,19/02/2026
33cd1d56-043d-42db-9bcb-404c21d8b96a,Bảo Đức Lê,168624352458,05/02/1970,0806683847,maijohn@example.org,"8 Jane Số
JohnPhường, 655552",Tiểu đường,3.64,Lâm Mai Bảo Bùi,15/02/2026
c2f43c10-e869-407c-bdcb-fffccdfba4e9,Kim Lê,215340233759,09/12/1953,0327381280,johnvu@example.net,"30 John Đường
JohnPhường, 943356",Tim mạch,9.55,Huy Phú Trần,21/01/2026
42e4bf01-40ee-431d-95da-d216a6cdae3c,Khoa Phú Hoàng,876956131248,23/06/1955,0535547322,apham@example.net,"588 Vũ Khu
JanePhường, 244775",Tiểu đường,11.95,Nhật Phạm,28/02/2026
19abdc15-296b-47bf-b301-bb6cb3061300,Quý cô Vi Đặng,311751706836,27/10/1993,0882905734,lejane@example.net,"796 John Khu
Huyện JohnXã, 139589",Huyết áp cao,8.69,Kim Thế Hoàng,08/01/2026
a3ea21a2-2cde-4187-91fa-82a6c60b340c,Quý ông Nam Phạm,959768035845,14/06/1997,0894945763,john09@example.net,"2 Jane Làng
Quận JohnHuyện, 917546",Tiểu đường,10.43,Thành Hữu Bùi,18/03/2026
b4209103-bca7-46eb-83ef-0f77848ac924,Hà Mai,881279211903,16/02/1956,0789575606,jane43@example.net,"JaneXã
26 John Khu, 456480",Khỏe mạnh,8.18,Phương Vũ,25/04/2026
400945ce-932c-4ec9-8b1b-8effd02a6cbb,Quý ông Nhiên Dương,730272995486,27/07/1991,0324768262,jane79@example.org,"633 Bùi Tổ
Huyện JohnHuyện, 197527",Khỏe mạnh,7.37,Hải Tấn Trần,14/03/2026
5a81762a-5059-477b-b9ff-89d92db13deb,Bà Lan Phạm,864678701143,15/10/1971,0339578314,johnpham@example.com,"952 John Ngõ
JohnXã, 144316",Huyết áp cao,8.98,Bác Trọng Đặng,06/03/2026
9313b3a7-e5a1-46e4-a188-6146fc40a3d4,Châu Lê,602206986798,22/03/2007,0555166695,jane39@example.org,"80 Bùi Hẻm
JohnPhường, 643377",Tiểu đường,8.29,Bác Nam Nguyễn,30/03/2026
534fc96d-19ca-4c1b-94bc-f47a61223189,Trọng Đức Lê,955684290314,28/05/1975,0571400773,janeduong@example.net,"63 Đặng Tổ
JaneThị xã, 288627",Huyết áp cao,9.27,Chị Hà Vũ,16/04/2026
618192de-db37-4ca7-aea5-e3418e2ac3ff,Chị Vi Lê,545737110745,20/11/1969,0511275659,lejane@example.com,"44 Jane Ngõ
Thành phố JohnHuyện, 599687",Huyết áp cao,6.26,Nhật Đặng,04/02/2026
ee8d5daa-8eb7-4306-8f73-198e5c3d0d5f,Quang Nguyễn,718343369825,02/06/1965,0896994847,john99@example.net,"55 Dương Ngõ
JaneThị xã, 762398",Tiểu đường,7.17,Chị Hải Đặng,25/02/2026
d9518f98-679f-4f42-9256-d7079cc05b67,Hà Lê,464207423298,11/06/1960,0345017388,jane44@example.net,"59 Bùi Hẻm
Thành phố JohnPhường, 346024",Tiểu đường,8.7,Vũ Phạm,22/01/2026
efd1b588-1054-42d5-9876-35761a5ed196,Ông Nam Bùi,514020328552,11/08/1973,0518838841,tranjane@example.net,"33 Dương Hẻm
Quận JohnThành phố, 795781",Tiểu đường,10.7,Dũng Mai Bảo Dương,08/05/2026
8c6d768e-45bc-43ba-af52-d36e8a63b93c,Anh Tùng Lê,108640118178,28/06/1978,0394109891,bhoang@example.net,"78 John Dãy
JaneThị xã, 372427",Tiểu đường,7.78,Bà An Nguyễn,10/03/2026
5808d790-22e4-4628-9913-057dc21f84fc,Châu Mai,099572765393,19/12/1935,0707184456,tduong@example.org,"3 Jane Làng
JaneThị xã, 362035",Huyết áp cao,6.7,Quý cô Kim Phạm,04/02/2026
84408e98-3d53-4c43-a015-2b5b6c17e150,Khoa Mai,372803692220,28/05/1994,0726001370,epham@example.org,"7 Vũ Dãy
Huyện JohnQuận, 152042",Tiểu đường,7.33,Lan Trần,06/02/2026
ba23b07a-703c-4286-b717-14cd200291bb,Mai Trần,643760491188,11/05/1946,0972460644,vpham@example.com,"70 Trần Hẻm
Huyện JaneThành phố, 669578",Tim mạch,10.15,Anh Trung Vũ,18/04/2026
f97f4994-1f38-4f55-833a-c4d6d4085391,Quý cô Vi Dương,801036295938,27/05/1953,0771080638,phamjane@example.net,"64 Lê Đường
Huyện JanePhường, 413328",Huyết áp cao,4.95,Bà Xuân Nguyễn,24/04/2026
3c6841d6-1ce8-412f-b928-7d2637c0f87a,Thành Văn Lê,442847076199,08/05/1993,0741461434,buijohn@example.org,"JohnHuyện
271 Nguyễn Đường, 472787",Tim mạch,10.72,Cô Bảo Dương,31/01/2026
a50784cb-c9df-401e-8ef0-0de1fb4f1972,Bảo Hoàng Nguyễn,334174442835,04/09/1985,0562210347,john40@example.com,"7 John Tổ
JaneHuyện, 971733",Tiểu đường,10.63,Cô Phương Lê,28/02/2026
5dfb1922-8aa6-4006-836a-db9dd1c56a00,Ông Minh Bùi,216631814483,01/12/1988,0760459240,hoangjane@example.net,"8 Phạm Dãy
Huyện JaneThị xã, 772036",Tiểu đường,8.27,Tú Đức Mai,28/03/2026
2138e2e6-f013-4170-95cf-3b4c0b34fc84,Cô Lâm Trần,575340181438,16/10/1970,0589396020,nguyenjane@example.net,"539 John Làng
JohnThị xã, 939930",Tim mạch,4.12,Linh Mai,08/04/2026
5e7b4866-d270-4470-aa7b-e8b1e3f342a8,Ánh Hoàng,658558384653,06/10/1954,0391225856,tranjane@example.org,"386 John Làng
Thị xã JohnPhường, 704570",Tiểu đường,10.84,Bảo Bảo Trần,22/01/2026
81338bdc-66cc-4376-8cca-89632e2e77a4,Phúc Mai Đặng,980949605028,29/03/2001,0975823624,jane66@example.net,"8 Jane Khu
JaneThị xã, 516379",Huyết áp cao,10.65,Yến Nguyễn,09/05/2026
2294fa0a-8482-4c08-842c-65ad9883e9b1,Nam Vũ,659347300273,22/03/2007,0808411755,janenguyen@example.net,"075 John Khu
JohnQuận, 368691",Huyết áp cao,10.89,Vũ Hoàng,22/02/2026
13c37b5d-bbf8-4a91-b7a9-f824eafa4d5b,Châu Xuân Dương,718532343431,21/08/1995,0904685087,hoangjane@example.org,"055 Bùi Ngõ
Thành phố JaneThành phố, 419588",Tiểu đường,9.59,Linh Mai,16/03/2026
388629ff-b2a0-4778-809d-644453ab3cce,Cô Hải Bùi,129383096647,31/03/2006,0958203538,phamjane@example.com,"517 Jane Khu
Thị xã JanePhường, 236708",Tiểu đường,9.68,Quý cô Phương Phạm,05/03/2026
8fa8ae34-3233-4053-9242-ba54a6f9c0e1,Chị Hương Vũ,432538912997,24/01/1992,0800651871,john16@example.com,"59 Jane Hẻm
JaneXã, 252901",Khỏe mạnh,6.38,Ông Quang Phạm,31/03/2026
da4ec04c-ba7e-4b86-81fa-d75327ef0a4b,Hà Nguyễn,162959198768,06/02/1953,0982118870,janenguyen@example.com,"77 Jane Làng
Quận JaneXã, 606489",Khỏe mạnh,10.68,Cô Kim Hoàng,29/04/2026
2b9a118e-4165-464c-8b21-a30886dc4e34,Thảo Phạm,098551212133,20/12/1992,0872248879,john70@example.org,"5 John Khu
JohnThị xã, 633243",Huyết áp cao,8.29,Thành Dương,24/04/2026
32e97c2d-2fb9-4ccf-9688-85c288145bde,Ông Hưng Phạm,151224453341,08/09/2002,0887247422,jane76@example.net,"5 Vũ Làng
JohnPhường, 370196",Huyết áp cao,10.63,An Đức Phạm,20/01/2026
23238416-a82c-4e18-a491-982be5ad481d,Nhật Bùi,827874522218,16/05/1973,0914699547,janepham@example.net,"5 Mai Hẻm
Quận JohnQuận, 424008",Tim mạch,7.44,Quý cô Bảo Hoàng,01/05/2026
88702ae7-8ead-4a9a-915c-42cd51476e86,Bảo Đặng,940524021903,24/08/1996,0859768371,johndang@example.com,"42 John Hẻm
Thành phố JaneXã, 694587",Huyết áp cao,7.18,Chị Mai Nguyễn,17/02/2026
22538040-7a02-4a6d-87a2-b171b02a06ee,Bác Phúc Bùi,074170730123,27/03/1971,0305654177,johnpham@example.org,"63 John Ngõ
Thị xã JanePhường, 440677",Tim mạch,10.45,Anh Huy Bùi,12/04/2026
61603399-d307-4198-bc3e-b4029ba14c35,Thành Thị Mai,642452425294,04/05/1943,0718954277,pnguyen@example.net,"6 John Khu
JaneHuyện, 911259",Huyết áp cao,11.97,Bảo Lê,25/02/2026
b0a0c1cd-0df6-4527-ab45-bc389cf65e33,Quý cô Hải Dương,892451240788,17/12/1941,0361990780,lejohn@example.com,"279 Jane Ngõ
JanePhường, 780081",Tim mạch,7.97,Cô Hà Trần,03/04/2026
8618e40d-15d6-4658-9ce9-dbbca25291f3,Nhật Xuân Bùi,209587162758,15/07/1975,0305986642,lejane@example.net,"220 Vũ Khu
JanePhường, 289473",Huyết áp cao,8.67,Bảo Phạm,01/01/2026
75699aef-0320-4c4e-80cb-e188c3f0fac3,Quý ông Tùng Nguyễn,639113288589,29/09/1979,0512361280,npham@example.net,"71 John Khu
Thành phố JohnQuận, 157738",Khỏe mạnh,11.88,Hưng Trí Nguyễn,29/03/2026
54c3b22e-4c66-4a4d-9a70-ea8ad6881d3e,An Trần,857468571492,18/10/1965,0753771121,johnvu@example.net,"95 John Khu
JaneThị xã, 960109",Tim mạch,10.39,Kim Mai,09/01/2026
